date,Open,High,Low,Close,Volume
2022-04-20 00:00:00-04:00,22.481375661869,22.634133476038546,21.16645987408989,21.448013305664062,468974000
2022-04-21 00:00:00-04:00,21.67465447269553,22.35657448244033,19.968358596275365,20.15106964111328,656209000
2022-04-22 00:00:00-04:00,20.27087658209677,20.453587607608277,19.46914757200327,19.48412322998047,624713000
2022-04-25 00:00:00-04:00,19.17161876841651,19.91344324394148,19.06578748429904,19.870512008666992,641566000
2022-04-26 00:00:00-04:00,19.68680695767926,19.756695914485604,18.64046453606964,18.758277893066406,653143000
2022-04-27 00:00:00-04:00,18.568575296461518,19.136675313654155,18.261063930223024,18.385866165161133,499460000
2022-04-28 00:00:00-04:00,18.93698897780138,20.005297595782352,18.460744415559034,19.750699996948242,570327000
2022-04-29 00:00:00-04:00,19.371305106860206,20.09615635655,18.487705010179635,18.517658233642578,500435000
2022-05-02 00:00:00-04:00,18.511663311668162,19.543027856618576,18.361901034538207,19.502094268798828,572049000
2022-05-03 00:00:00-04:00,19.369303837748983,19.793632521219138,19.102726102256824,19.57098388671875,475751000
2022-05-04 00:00:00-04:00,19.891477476244106,20.367722034335905,18.721330971525965,20.30182647705078,648855000
2022-05-05 00:00:00-04:00,19.835566276419193,19.893473166024286,18.470728615482905,18.814184188842773,626331000
2022-05-06 00:00:00-04:00,18.706358724203252,19.481130122104307,17.96153864595354,18.64545440673828,633297000
2022-05-09 00:00:00-04:00,18.00546803272832,18.226117145161634,16.800376947832692,16.92318344116211,644455000
2022-05-10 00:00:00-04:00,17.661014619319474,18.16921014217234,16.998065530145627,17.567163467407227,761474000
2022-05-11 00:00:00-04:00,17.31955381351451,17.724911580118736,16.541787012472994,16.603687286376953,670167000
2022-05-12 00:00:00-04:00,16.193341264041266,16.761441344854425,15.542373259298687,16.149410247802734,708728000
2022-05-13 00:00:00-04:00,16.761437465060446,17.89963310231485,16.56674630651227,17.6779842376709,670437000
2022-05-16 00:00:00-04:00,17.481296063128845,17.759853927548843,17.078933857041914,17.236682891845703,521446000
2022-05-17 00:00:00-04:00,18.04540336617062,18.34193434694822,17.606100889632476,18.14824104309082,585830000
2022-05-18 00:00:00-04:00,17.676988175468864,18.089334859232448,16.837319149393423,16.91120147705078,545161000
2022-05-19 00:00:00-04:00,16.91020226237054,17.659015599508766,16.707522431730485,17.096906661987305,621310000
2022-05-20 00:00:00-04:00,17.304578335009833,17.382454041124078,15.730072820642876,16.667587280273438,739105000
2022-05-23 00:00:00-04:00,16.24825212947614,16.88823871274261,16.153403120038337,16.871265411376953,639889000
2022-05-24 00:00:00-04:00,16.483878501085666,16.57074074512232,15.755032994513659,16.128440856933594,588550000
2022-05-25 00:00:00-04:00,15.994654056130356,17.083927510005076,15.974685242537772,16.948143005371094,781132000
2022-05-26 00:00:00-04:00,16.010626990327115,18.06337372418218,15.996649202196377,17.822755813598633,996575000
2022-05-27 00:00:00-04:00,18.15722925835725,18.85112941351262,18.07136487475826,18.781240463256836,738379000
2022-05-31 00:00:00-04:00,18.94996930241527,19.169622436207014,18.320966929127128,18.642457962036133,664100000
2022-06-01 00:00:00-04:00,18.69437574123345,19.022853764053927,18.093327039751365,18.291013717651367,544514000
2022-06-02 00:00:00-04:00,18.26306021117362,19.587960441440174,18.16920906482629,19.561002731323242,648656000
2022-06-03 00:00:00-04:00,19.051812636929697,19.301417132077827,18.49269719667944,18.690383911132812,598779000
2022-06-06 00:00:00-04:00,19.10871922629009,19.306405915466303,18.53462819912293,18.756277084350586,422406000
2022-06-07 00:00:00-04:00,18.442771222210485,18.969935627237614,18.159220209365753,18.896053314208984,388914000
2022-06-08 00:00:00-04:00,18.773224745279013,19.15370287968814,18.509586772873774,18.622432708740234,363252000
2022-06-09 00:00:00-04:00,18.455665170383455,18.90704518527474,18.016267836051888,18.023258209228516,395574000
2022-06-10 00:00:00-04:00,17.575868590287566,17.672735713116985,16.845869983240426,16.950727462768555,465248000
2022-06-13 00:00:00-04:00,15.978064089326375,16.289636613349888,15.58460420779417,15.625548362731934,604153000
2022-06-14 00:00:00-04:00,15.70943065936375,16.043971368029474,15.390867806864842,15.814287185668945,469680000
2022-06-15 00:00:00-04:00,16.07293416311362,16.844875148826677,15.904166178242575,16.504343032836914,563936000
2022-06-16 00:00:00-04:00,15.838253620725094,15.920141919924149,15.379883332633035,15.579608917236328,545749000
2022-06-17 00:00:00-04:00,15.62654452479903,15.97306886909858,15.30698358700043,15.858226776123047,630334000
2022-06-21 00:00:00-04:00,16.452410541498544,16.98467875393018,16.384502987920513,16.543285369873047,483089000
2022-06-22 00:00:00-04:00,16.20375313433491,16.63915617828488,16.157816675124355,16.337570190429688,437135000
2022-06-23 00:00:00-04:00,16.49635060350386,16.56226009847651,15.831264314401132,16.202754974365234,463680000
2022-06-24 00:00:00-04:00,16.4773787732115,17.11650073429401,16.287638726739992,17.102519989013672,472153000
2022-06-27 00:00:00-04:00,17.288262424428577,17.30623739273668,16.603202230338358,16.845869064331055,427968000
2022-06-28 00:00:00-04:00,16.876830411741455,17.17841642783328,15.923139753787774,15.960089683532715,461149000
2022-06-29 00:00:00-04:00,15.792319274408227,15.798310614181643,15.149202139419758,15.520691871643066,482352000
2022-06-30 00:00:00-04:00,15.339940655706025,15.545658564370902,14.84162517143051,15.13821792602539,686070000
2022-07-01 00:00:00-04:00,14.878572886252945,15.042347592073154,14.37226803933096,14.503087997436523,577610000
2022-07-05 00:00:00-04:00,14.15556645659554,14.950474678954091,14.035731089261596,14.94348430633545,651397000
2022-07-06 00:00:00-04:00,14.989419487557397,15.29799582198432,14.768721837994862,15.109254837036133,529066000
2022-07-07 00:00:00-04:00,15.434808686703755,15.923137588985114,15.367900161488345,15.836256980895996,492903000
2022-07-08 00:00:00-04:00,15.40884547069508,16.015013612204577,15.36790131679417,15.816286087036133,467972000
2022-07-11 00:00:00-04:00,15.504713369588908,15.505712402359757,15.017382517341197,15.131226539611816,437321000
2022-07-12 00:00:00-04:00,15.247067074911202,15.409843707011005,14.856603345377188,15.061322212219238,458483000
2022-07-13 00:00:00-04:00,14.569996097816231,15.353919647779461,14.445167482793634,15.143208503723145,521918000
2022-07-14 00:00:00-04:00,15.087286500905327,15.451785851708097,14.70780737248184,15.350924491882324,456235000
2022-07-15 00:00:00-04:00,15.63753135293556,15.760361907974943,15.423824053568111,15.740389823913574,385935000
2022-07-18 00:00:00-04:00,16.279644944328908,16.873828328964603,15.98005709932822,16.078920364379883,670517000
2022-07-19 00:00:00-04:00,16.463397441175893,17.086542473862675,16.14982876399713,16.968704223632812,702366000
2022-07-20 00:00:00-04:00,16.92376553145508,17.908413749496592,16.777965794347658,17.78258514404297,760538000
2022-07-21 00:00:00-04:00,17.86048238571712,18.119126205204466,17.520948325961797,18.02525520324707,557049000
2022-07-22 00:00:00-04:00,17.8684661344218,17.94236407699637,17.113502185798406,17.29525375366211,536671000
2022-07-25 00:00:00-04:00,16.99566763785872,17.10052514024072,16.626175940031704,17.000661849975586,480748000
2022-07-26 00:00:00-04:00,16.865846877588588,16.895806436414702,16.455411016760266,16.51033592224121,397865000
2022-07-27 00:00:00-04:00,17.00864767966369,17.911409474895198,16.88981135399597,17.765609741210938,569776000
2022-07-28 00:00:00-04:00,17.950354516867552,18.115127291770673,17.41608821791284,17.959341049194336,474646000
2022-07-29 00:00:00-04:00,17.788577248891293,18.218986083426355,17.66774285617166,18.138097763061523,435460000
2022-08-01 00:00:00-04:00,18.15707426114267,18.820165474035086,17.96533802974678,18.415719985961914,476469000
2022-08-02 00:00:00-04:00,18.097155349870032,18.912036637847795,18.06719579272413,18.500600814819336,489527000
2022-08-03 00:00:00-04:00,18.15907024025615,18.9419957935247,18.11213379219575,18.867097854614258,418146000
2022-08-04 00:00:00-04:00,18.823158426576263,19.247574977869366,18.734279747108175,19.188655853271484,409652000
2022-08-05 00:00:00-04:00,18.784209580373243,19.202635725468195,18.640407913943744,18.96296501159668,386068000
2022-08-08 00:00:00-04:00,17.47800666761525,18.213995799408384,17.218362882676377,17.768606185913086,981859000
2022-08-09 00:00:00-04:00,17.22834908101904,17.42308143991312,16.701073067496456,17.062576293945312,668263000
2022-08-10 00:00:00-04:00,17.673734322817726,18.093158539293153,17.293256191756413,18.072187423706055,597422000
2022-08-11 00:00:00-04:00,18.10614424417863,18.681354803668896,17.85149276386308,17.917402267456055,509327000
2022-08-12 00:00:00-04:00,18.13510064991279,18.692336139246862,17.92838373644259,18.683347702026367,478094000
2022-08-15 00:00:00-04:00,18.675357730164997,19.137722217458236,18.587479049449644,19.005903244018555,457666000
2022-08-16 00:00:00-04:00,18.894061144686493,19.115756909147926,18.47563496033023,18.853116989135742,451240000
2022-08-17 00:00:00-04:00,18.497606022739234,18.662378820302454,18.120123994766043,18.30986213684082,446799000
2022-08-18 00:00:00-04:00,18.275911803660716,18.839137794765332,18.158073539060755,18.747264862060547,415447000
2022-08-19 00:00:00-04:00,18.38076519901237,18.49460922307441,17.74563748579289,17.82452964782715,441588000
2022-08-22 00:00:00-04:00,17.4660190619216,17.53392661882778,16.942737355813545,17.010644912719727,409593000
2022-08-23 00:00:00-04:00,16.96570780280568,17.441055022428973,16.946732846775344,17.15744400024414,369986000
2022-08-24 00:00:00-04:00,16.98867785339594,17.382138735444496,16.87183957113937,17.19839096069336,522661000
2022-08-25 00:00:00-04:00,16.820906458784396,17.922394867434686,16.80992185996255,17.88844108581543,770691000
2022-08-26 00:00:00-04:00,17.832519805720057,17.899427390180133,16.21473986042413,16.237709045410156,769127000
2022-08-29 00:00:00-04:00,15.998036535008664,16.31559943467692,15.745383146894872,15.779335975646973,496132000
2022-08-30 00:00:00-04:00,15.938117659650224,16.01700886462623,15.161184478948519,15.446792602539062,530181000
2022-08-31 00:00:00-04:00,15.362908457406297,15.518694719527108,14.938490939263094,15.0733060836792,573710000
2022-09-01 00:00:00-04:00,14.189516955759013,14.360282969003352,13.251805288994547,13.917890548706055,1178865000
2022-09-02 00:00:00-04:00,14.080669178676303,14.151570983840651,13.572366244236866,13.628290176391602,743157000
2022-09-06 00:00:00-04:00,13.712174019390066,13.760108544084295,13.332694905205493,13.446538925170898,535751000
2022-09-07 00:00:00-04:00,13.54842863416654,13.82313376594556,13.331661755414254,13.69926643371582,512657000
2022-09-08 00:00:00-04:00,13.444540197108026,13.992951127986652,13.354637687231783,13.974969863891602,624873000
2022-09-09 00:00:00-04:00,14.141792358679925,14.458452230878862,14.110826473867316,14.371545791625977,486612000
2022-09-12 00:00:00-04:00,14.353564448703244,14.531372728120761,14.182747666358502,14.489418029785156,484159000
2022-09-13 00:00:00-04:00,13.787170428644393,13.907041379820571,13.084925701367137,13.116890907287598,714956000
2022-09-14 00:00:00-04:00,13.239761417639983,13.275722995641786,12.899128137907093,13.113897323608398,588507000
2022-09-15 00:00:00-04:00,13.001017682359656,13.218782933032589,12.776259029969275,12.915109634399414,523625000
2022-09-16 00:00:00-04:00,12.72831029894144,13.197805622661757,12.603444592298251,13.183820724487305,670751000
2022-09-19 00:00:00-04:00,12.9980209443721,13.448536636408672,12.99602323782833,13.367623329162598,569685000
2022-09-20 00:00:00-04:00,13.200800952248084,13.468512642108355,13.04297072707532,13.161842346191406,524818000
2022-09-21 00:00:00-04:00,13.198805875239975,14.01592695660969,13.095915885590195,13.246753692626953,807679000
2022-09-22 00:00:00-04:00,13.05595837624956,13.13487397774676,12.414648842051575,12.547505378723145,759162000
2022-09-23 00:00:00-04:00,12.406658300315856,12.59745310961483,12.243833290999994,12.502554893493652,663309000
2022-09-26 00:00:00-04:00,12.477580763382052,12.645400497550257,12.200877925026457,12.214862823486328,547343000
2022-09-27 00:00:00-04:00,12.493563757903228,12.722317835728509,12.24483166136231,12.399664878845215,553854000
2022-09-28 00:00:00-04:00,12.396668635349345,12.809225084459534,12.3407290361886,12.722318649291992,542414000
2022-09-29 00:00:00-04:00,12.434626727281707,12.486570907986117,11.933166184419747,12.20687198638916,532763000
2022-09-30 00:00:00-04:00,12.074014262996702,12.619428149755207,12.062027071325655,12.125958442687988,565638000
2022-10-03 00:00:00-04:00,12.333735347285502,12.664380071173387,12.091994756368466,12.498558044433594,547478000
2022-10-04 00:00:00-04:00,12.865164202159265,13.205798432836424,12.865164202159265,13.152854919433594,584182000
2022-10-05 00:00:00-04:00,12.897131588535265,13.306691024693468,12.607443137156297,13.19481086730957,507131000
2022-10-06 00:00:00-04:00,13.205796821210336,13.641328257289027,13.088921945715446,13.115893363952637,644157000
2022-10-07 00:00:00-04:00,12.491564447767857,12.656387129775363,12.009083592495852,12.06302547454834,672478000
2022-10-10 00:00:00-04:00,12.024068434661013,12.110974864449592,11.39574445473449,11.657463073730469,698699000
2022-10-11 00:00:00-04:00,11.54858127558557,11.833274981864692,11.270880019561728,11.573554992675781,667482000
2022-10-12 00:00:00-04:00,11.566561709517808,11.722393310749835,11.332812878695025,11.487646102905273,492590000
2022-10-13 00:00:00-04:00,10.959212490569392,12.065023481853341,10.801382253175232,11.947150230407715,850103000
2022-10-14 00:00:00-04:00,12.044048399893033,12.097990293431844,11.191965014212549,11.214940071105957,713432000
2022-10-17 00:00:00-04:00,11.505627391689845,11.935165804644603,11.504629014583388,11.875229835510254,580774000
2022-10-18 00:00:00-04:00,12.330739341420681,12.478580116410535,11.605519413375351,11.954144477844238,659362000
2022-10-19 00:00:00-04:00,11.866239297114978,12.336734019918332,11.82128755987071,12.038054466247559,523131000
2022-10-20 00:00:00-04:00,12.09998726203353,12.755282676924056,12.091995482769084,12.180900573730469,652398000
2022-10-21 00:00:00-04:00,12.085002473404986,12.484573317773556,11.874229665134491,12.452607154846191,609494000
2022-10-24 00:00:00-04:00,12.494563584772553,12.696346249814729,12.051040310367156,12.585465431213379,517457000
2022-10-25 00:00:00-04:00,12.680363371654026,13.28571230644429,12.650394914056134,13.246753692626953,505482000
2022-10-26 00:00:00-04:00,12.855174461632362,13.373615968122406,12.694347182517397,12.882144927978516,532953000
2022-10-27 00:00:00-04:00,13.615355006607254,13.823131698510565,13.107900466970294,13.161842346191406,583113000
2022-10-28 00:00:00-04:00,13.089922279790239,13.835121131094377,13.0469682542808,13.819137573242188,521040000
2022-10-31 00:00:00-04:00,13.763198338558981,13.82313430044734,13.282715124415745,13.482500076293945,486341000
2022-11-01 00:00:00-04:00,13.796163675250103,13.91004153308199,13.504477533417388,13.528451919555664,432817000
2022-11-02 00:00:00-04:00,13.835122332912915,14.194735268129875,13.196808825129144,13.20479965209961,672628000
2022-11-03 00:00:00-04:00,13.028987715807942,13.766194775358752,12.94208128934156,13.406580924987793,500065000
2022-11-04 00:00:00-04:00,13.970976337681197,14.21371533822469,13.682286270077473,14.140793800354004,612576000
2022-11-07 00:00:00-05:00,14.212714418468474,14.396516760846977,13.939009564129645,14.285635948181152,410061000
2022-11-08 00:00:00-05:00,14.785099833381034,14.875003304313351,14.20072822497082,14.58631420135498,595292000
2022-11-09 00:00:00-05:00,14.146786897646434,14.195735001155587,13.744219921750998,13.761201858520508,454414000
2022-11-10 00:00:00-05:00,14.784100677648635,15.756054965318722,14.531372214254848,15.73307991027832,700819000
2022-11-11 00:00:00-05:00,15.790022507110931,16.371397183672663,15.465371766863662,16.309463500976562,655487000
2022-11-14 00:00:00-05:00,16.200579384966304,16.522234002495093,15.904896861660646,16.277496337890625,527852000
2022-11-15 00:00:00-05:00,16.704035679925042,16.979738243381533,16.3644007894485,16.648096084594727,545876000
2022-11-16 00:00:00-05:00,16.144638186290106,16.344422187657635,15.855948141798965,15.892908096313477,649547000
2022-11-17 00:00:00-05:00,15.698116484447885,16.24852510301491,15.518309565551975,15.660157203674316,710894000
2022-11-18 00:00:00-05:00,15.94884635246615,15.9848088796115,15.10375554404222,15.39244556427002,492072000
2022-11-21 00:00:00-05:00,15.130728243271124,15.460373655747635,15.063799831129005,15.300545692443848,404739000
2022-11-22 00:00:00-05:00,15.31153007163173,16.040746179106325,15.105751091739526,16.020767211914062,472866000
2022-11-23 00:00:00-05:00,16.08070587095073,16.509245859928704,16.030760346892983,16.501253128051758,427241000
2022-11-25 00:00:00-05:00,16.300470283585213,16.469287445678606,16.154627223569857,16.252521514892578,167934000
2022-11-28 00:00:00-05:00,16.00878415466754,16.33942987924179,15.708108795700952,15.809998512268066,303741000
2022-11-29 00:00:00-05:00,15.809996816938067,15.914884511468573,15.503327417734571,15.622199058532715,298384000
2022-11-30 00:00:00-05:00,15.684146535771454,16.91613768564476,15.584228989487908,16.909143447875977,565298000
2022-12-01 00:00:00-05:00,16.98508145183784,17.250862487377347,16.621379181628495,17.120969772338867,470977000
2022-12-02 00:00:00-05:00,16.645363109002602,16.91913897652892,16.431537591027467,16.862184524536133,371389000
2022-12-05 00:00:00-05:00,16.665344964965847,16.981086225523303,16.458513713867134,16.59640121459961,352255000
2022-12-06 00:00:00-05:00,16.516466931221224,16.55943099362411,15.806048612472887,15.97391128540039,352694000
2022-12-07 00:00:00-05:00,15.759088264862537,16.172749846641757,15.654173729604334,16.10680389404297,372388000
2022-12-08 00:00:00-05:00,16.259678967569904,17.164937415817153,15.94593493843421,17.154945373535156,515456000
2022-12-09 00:00:00-05:00,17.145949833064485,17.56860383071365,16.961101838286083,16.987079620361328,465338000
2022-12-12 00:00:00-05:00,17.023051775036333,17.5236410372187,16.783248501431842,17.52064323425293,457328000
2022-12-13 00:00:00-05:00,18.515829057167874,18.774617794918285,17.696500685046704,18.057205200195312,656589000
2022-12-14 00:00:00-05:00,17.97227218085048,18.237056501037223,17.405736991187297,17.659528732299805,496888000
2022-12-15 00:00:00-05:00,17.13196129101247,17.305818611715345,16.686327315889205,16.938119888305664,478542000
2022-12-16 00:00:00-05:00,16.850191523278642,17.02704663560611,16.39656280074963,16.557430267333984,478232000
2022-12-19 00:00:00-05:00,16.558432576626064,16.595401033569487,16.13178212686933,16.240692138671875,354039000
2022-12-20 00:00:00-05:00,16.05084803309705,16.29664692951684,15.839022651133764,16.07183074951172,403260000
2022-12-21 00:00:00-05:00,16.100807415218085,16.613387898119957,16.08881620314782,16.487489700317383,325025000
2022-12-22 00:00:00-05:00,16.08082276280508,16.12478736252735,14.869815204882304,15.326440811157227,565045000
2022-12-23 00:00:00-05:00,15.18355806886971,15.326440634082571,14.87081461834004,15.193550109863281,349326000
2022-12-27 00:00:00-05:00,15.061660743936846,15.087639483140833,14.044493479071043,14.109440803527832,464902000
2022-12-28 00:00:00-05:00,13.91559845889987,14.250324243293269,13.87263344054516,14.02450942993164,351066000
2022-12-29 00:00:00-05:00,14.390208780608043,14.670977896009743,14.215351871386131,14.591043472290039,354923000
2022-12-30 00:00:00-05:00,14.322263143028222,14.617021677131687,14.221346008211805,14.602034568786621,310490000
2023-01-03 00:00:00-05:00,14.838841304566728,14.983723050318702,14.084459309432459,14.303279876708984,401277000
2023-01-04 00:00:00-05:00,14.555073030909787,14.840838154777497,14.229339743985019,14.736923217773438,431324000
2023-01-05 00:00:00-05:00,14.479135485903637,14.552075670491968,14.136415909839469,14.253320693969727,389168000
2023-01-06 00:00:00-05:00,14.462149178413084,14.997710572155174,14.022509854107087,14.846834182739258,405044000
2023-01-09 00:00:00-05:00,15.271486598821125,16.042853882336043,15.128603078053724,15.615204811096191,504231000
2023-01-10 00:00:00-05:00,15.49430474778188,15.948932173589144,15.459333553934178,15.895976066589355,384101000
2023-01-11 00:00:00-05:00,15.827032288803178,16.0148781028567,15.550258635785255,15.987899780273438,353285000
2023-01-12 00:00:00-05:00,16.08681762259126,16.623376674174565,15.479314701266622,16.497480392456055,551409000
2023-01-13 00:00:00-05:00,16.264672409444337,16.908146146393516,16.15176596394343,16.885164260864258,447287000
2023-01-17 00:00:00-05:00,16.885165521758307,17.713487319827372,16.885165521758307,17.68750762939453,511102000
2023-01-18 00:00:00-05:00,17.652537414377978,17.858368155388927,17.267852350964912,17.362775802612305,439624000
2023-01-19 00:00:00-05:00,17.022050215153467,17.182919592747304,16.717301550134714,16.751272201538086,452932000
2023-01-20 00:00:00-05:00,16.997072985244962,17.84138241393569,16.811226343623662,17.82439613342285,564967000
2023-01-23 00:00:00-05:00,18.049208922830783,19.22924361779151,17.803411956257197,19.17728614807129,655163000
2023-01-24 00:00:00-05:00,18.811586379989397,19.47904067584796,18.80459214124059,19.24922752380371,496204000
2023-01-25 00:00:00-05:00,18.89751622008394,19.354142810511668,18.56478866094539,19.307180404663086,449537000
2023-01-26 00:00:00-05:00,19.68487233931353,20.149491827776068,19.262218285340538,19.785789489746094,489535000
2023-01-27 00:00:00-05:00,19.446068836928813,20.611114747403708,19.389116288364015,20.348329544067383,542142000
2023-01-30 00:00:00-05:00,19.933665698445655,20.12350875424224,19.13431959512867,19.146310806274414,488611000
2023-01-31 00:00:00-05:00,19.154305515596747,19.67088244369698,18.934486316616958,19.521005630493164,498017000
2023-02-01 00:00:00-05:00,19.674877995136793,21.174648503788042,19.594943571300696,20.925853729248047,660477000
2023-02-02 00:00:00-05:00,20.98280776765086,21.931030247878642,20.683054133284987,21.691226959228516,564276000
2023-02-03 00:00:00-05:00,20.98280511679256,21.727195946386907,20.771977442286037,21.08272361755371,429366000
2023-02-06 00:00:00-05:00,20.788962362114802,21.552336685010545,20.768978282111295,21.071731567382812,452197000
2023-02-07 00:00:00-05:00,21.364495296060316,22.24077813579431,21.1326848754413,22.154848098754883,664150000
2023-02-08 00:00:00-05:00,22.36866926710401,22.859268377946858,21.989979871627146,22.186819076538086,559651000
2023-02-09 00:00:00-05:00,22.587493006154816,23.00115361559773,22.101890841134466,22.31871223449707,523876000
2023-02-10 00:00:00-05:00,21.672242294842736,22.059923209964126,20.79396224758763,21.247589111328125,550737000
2023-02-13 00:00:00-05:00,21.520363482899203,22.02994609258764,20.944834933269593,21.770158767700195,474919000
2023-02-14 00:00:00-05:00,21.56033132218114,23.03012755681978,21.348505011824344,22.952192306518555,675474000
2023-02-15 00:00:00-05:00,22.53053721244562,22.8362864231292,22.087901043076933,22.745361328125,420575000
2023-02-16 00:00:00-05:00,22.114879171338252,22.531537591194823,21.909048448284622,21.98398780822754,412026000
2023-02-17 00:00:00-05:00,21.613290195380436,21.72220020485549,20.957827156397038,21.3704891204834,465888000
2023-02-21 00:00:00-05:00,20.982805051800373,21.47640004274012,20.601117866588783,20.63808822631836,410015000
2023-02-22 00:00:00-05:00,20.690050450448425,21.08672483489234,20.404283359115528,20.737010955810547,513184000
2023-02-23 00:00:00-05:00,23.420812863939638,23.86844609140821,23.006151662596782,23.644628524780273,1117995000
2023-02-24 00:00:00-05:00,23.205984468564843,23.45478114392296,22.928212208347944,23.26693344116211,589716000
2023-02-27 00:00:00-05:00,23.650622295881828,23.860449461633213,23.43479952374122,23.481760025024414,452994000
2023-02-28 00:00:00-05:00,23.35286529557159,23.80549545006619,23.18700083236071,23.196992874145508,455963000
2023-03-01 00:00:00-05:00,23.173011690631437,23.236960375063273,22.489571679600164,22.67941665649414,460026000
2023-03-02 00:00:00-05:00,22.46958842521254,23.360856377006066,22.413632614347023,23.294910430908203,389415000
2023-03-03 00:00:00-05:00,23.300906520013164,23.88043157064552,23.111061548282237,23.870439529418945,412393000
2023-03-06 00:00:00-05:00,23.87144155642439,24.22814773094674,23.467771069999735,23.534717559814453,437429000
2023-03-07 00:00:00-05:00,23.58468213091472,24.109340983531098,23.225913991146093,23.272884368896484,515154000
2023-03-08 00:00:00-05:00,23.47175440633603,24.184292857733897,23.40879557329516,24.16530418395996,513573000
2023-03-09 00:00:00-05:00,24.159310453263316,24.438130626548567,23.36782461834549,23.420791625976562,501257000
2023-03-10 00:00:00-05:00,23.39380627921089,23.61166519332035,22.71124903091007,22.95009422302246,474866000
2023-03-13 00:00:00-04:00,22.737233773647205,23.28287892325679,22.282529164620772,22.951093673706055,421890000
2023-03-14 00:00:00-04:00,23.48074905093903,24.20327932512599,23.444771213854455,24.047380447387695,474910000
2023-03-15 00:00:00-04:00,23.745576714518688,24.270235562421657,23.34483792874035,24.2122745513916,524486000
2023-03-16 00:00:00-04:00,24.01140807951341,25.5713939842159,23.878493063353094,25.524425506591797,583253000
2023-03-17 00:00:00-04:00,25.965136614007125,26.381865775250695,25.65133933448188,25.708303451538086,848547000
2023-03-20 00:00:00-04:00,25.59837339016035,26.007108309767307,25.113687587733228,25.883188247680664,432747000
2023-03-21 00:00:00-04:00,26.16301052912087,26.37487284283391,25.36452926173858,26.181997299194336,547408000
2023-03-22 00:00:00-04:00,26.407847658541623,27.571093609171683,26.219969957500446,26.450820922851562,797295000
2023-03-23 00:00:00-04:00,27.097400403214937,27.481151940364768,26.672677017823016,27.173351287841797,564889000
2023-03-24 00:00:00-04:00,27.01345490097488,27.14936630609579,26.337893083217622,26.76161766052246,454920000
2023-03-27 00:00:00-04:00,26.81958174522854,26.98247605929165,26.347887967682432,26.51378059387207,361026000
2023-03-28 00:00:00-04:00,26.429835146196694,26.49579229381834,25.83322250551309,26.392858505249023,356104000
2023-03-29 00:00:00-04:00,26.807588785589424,27.06042291764206,26.579736138825847,26.96648406982422,393694000
2023-03-30 00:00:00-04:00,27.211327368787387,27.481152585329546,27.08440898873497,27.36522674560547,364516000
2023-03-31 00:00:00-04:00,27.1223827030481,27.815932468740804,27.087405574182664,27.758970260620117,433933000
2023-04-03 00:00:00-04:00,27.49114453298666,27.981825044466152,27.31825649277218,27.946847915649414,398716000
2023-04-04 00:00:00-04:00,27.947850130837605,27.98182846186949,27.28927741449613,27.435182571411133,368592000
2023-04-05 00:00:00-04:00,26.811585800897024,26.980474822292805,26.37786749452917,26.86355209350586,515015000
2023-04-06 00:00:00-04:00,26.566746033983005,27.062424408814838,26.40984834215217,27.019453048706055,397654000
2023-04-10 00:00:00-04:00,26.805592033185857,27.603074472787966,26.651692648954523,27.56110191345215,395279000
2023-04-11 00:00:00-04:00,27.70600728201999,27.771964430932886,27.108393921533427,27.1513671875,314378000
2023-04-12 00:00:00-04:00,27.352236262733783,27.45017222858766,26.43083380500762,26.47780418395996,446259000
2023-04-13 00:00:00-04:00,26.7166476867757,26.869548260916794,26.31191176986607,26.445823669433594,353615000
2023-04-14 00:00:00-04:00,26.486798151032517,26.865551883679498,26.202982075525256,26.740633010864258,395660000
2023-04-17 00:00:00-04:00,26.547759434806412,26.988473203686386,26.415845135360854,26.98447608947754,321471000
2023-04-18 00:00:00-04:00,27.515130232673847,28.091755386565286,27.339243873446396,27.6490421295166,604812000
2023-04-19 00:00:00-04:00,27.343244422397383,27.981829688945997,27.21432842534502,27.912874221801758,358660000
2023-04-20 00:00:00-04:00,27.653036152896092,28.011804257299087,26.9824722233208,27.08640480041504,427713000
2023-04-21 00:00:00-04:00,26.934507038823,27.165358012841736,26.704656772926235,27.101398468017578,345103000
2023-04-24 00:00:00-04:00,26.995467887974886,27.3482375101197,26.653688900019212,27.02444839477539,339282000
2023-04-25 00:00:00-04:00,27.06042714449729,27.229318099005507,26.20798195514791,26.223970413208008,378527000
2023-04-26 00:00:00-04:00,26.98447866314125,27.312264932858206,26.687670508025086,26.938507080078125,406337000
2023-04-27 00:00:00-04:00,27.345240361377464,27.47715465361365,26.60771850599663,27.208328247070312,377161000
2023-04-28 00:00:00-04:00,27.20733127338207,27.739984394080437,27.05342998469089,27.73099136352539,292216000
2023-05-01 00:00:00-04:00,27.821930157082058,29.039140006502908,27.761969634748656,28.8912353515625,570329000
2023-05-02 00:00:00-04:00,28.661388568150482,28.81728747000186,28.06477586620422,28.191692352294922,402730000
2023-05-03 00:00:00-04:00,27.821930062469157,28.348588429903444,27.454168889483142,27.783954620361328,383387000
2023-05-04 00:00:00-04:00,27.63305419552841,27.840919391214324,27.22232162669159,27.544113159179688,321850000
2023-05-05 00:00:00-04:00,27.80794065911765,28.736336669906983,27.71300300195752,28.661386489868164,361494000
2023-05-08 00:00:00-04:00,28.503486722502963,29.201033629261158,28.331599383389104,29.132078170776367,344979000
2023-05-09 00:00:00-04:00,28.880240185650283,28.954191553341325,28.431532251755662,28.552452087402344,314869000
2023-05-10 00:00:00-04:00,28.986175863013205,29.094107482413545,28.442530182163917,28.866254806518555,369350000
2023-05-11 00:00:00-04:00,28.87724453995884,28.931210344411994,28.227666813122973,28.559450149536133,322149000
2023-05-12 00:00:00-04:00,28.510484105930274,28.761322564942308,28.02779776950865,28.32160758972168,274222000
2023-05-15 00:00:00-04:00,28.489498915064928,28.950200187469783,28.133730950674487,28.9342098236084,293926000
2023-05-16 00:00:00-04:00,28.82228386631905,29.850617354397016,28.81329083509019,29.194042205810547,449405000
2023-05-17 00:00:00-04:00,29.56479672728252,30.179397303455694,29.410897359281257,30.158411026000977,432535000
2023-05-18 00:00:00-04:00,30.39026164884716,31.807340536574944,30.30031991259901,31.657438278198242,748725000
2023-05-19 00:00:00-04:00,31.515530471475522,31.55950253794087,30.89593395749169,31.24370765686035,473908000
2023-05-22 00:00:00-04:00,30.880942499765002,31.499542119934745,30.660087176948643,31.155765533447266,372000000
2023-05-23 00:00:00-04:00,30.979882903908486,31.26769611633862,30.611122880707992,30.6680850982666,356253000
2023-05-24 00:00:00-04:00,30.19039081167834,30.587134398271413,29.786653705153253,30.518178939819336,721419000
2023-05-25 00:00:00-04:00,38.497999676577344,39.45437937248708,36.61122438823422,37.955352783203125,1543911000
2023-05-26 00:00:00-04:00,37.865408555661546,39.14457660817056,37.52562906518615,38.92072296142578,714397000
2023-05-30 00:00:00-04:00,40.56865561638492,41.91078253323842,39.92307495310247,40.08496856689453,923401000
2023-05-31 00:00:00-04:00,39.462370269421555,40.26884571341783,37.79745117886432,37.809444427490234,1002580000
2023-06-01 00:00:00-04:00,38.46401583415097,40.02400343803905,38.31511428598522,39.74418640136719,635873000
2023-06-02 00:00:00-04:00,40.070976234421984,40.47371455603789,39.032649105745655,39.301475524902344,482731000
2023-06-05 00:00:00-04:00,38.88374549804094,39.539317935308446,38.681876946870204,39.14557647705078,396094000
2023-06-06 00:00:00-04:00,38.80479832868184,39.134582152265736,38.123237977128795,38.628910064697266,388729000
2023-06-07 00:00:00-04:00,38.893764495503234,39.47744543312822,37.33561334043707,37.45454788208008,511998000
2023-06-08 00:00:00-04:00,37.703416518186614,38.8427939153626,37.48453804984033,38.48898696899414,417772000
2023-06-09 00:00:00-04:00,39.01569674007006,39.68932873307715,38.545955805851406,38.748844146728516,427717000
2023-06-12 00:00:00-04:00,39.17860923951469,39.5084271752558,38.59692610612492,39.460453033447266,388701000
2023-06-13 00:00:00-04:00,40.164076100144555,41.0785778084364,39.71832028335553,40.99961853027344,613208000
2023-06-14 00:00:00-04:00,40.80173019682722,42.97654179079345,40.52987541154227,42.97354507446289,740465000
2023-06-15 00:00:00-04:00,42.57875935956908,43.265384836246646,42.12400575806211,42.629730224609375,568622000
2023-06-16 00:00:00-04:00,43.42629077833163,43.69714280637508,42.637719859224546,42.668704986572266,655709000
2023-06-20 00:00:00-04:00,42.97453641916343,43.9659956488173,42.65071191947433,43.78409194946289,451153000
2023-06-21 00:00:00-04:00,43.47725969177767,43.591199705233926,42.0570375518233,43.021507263183594,551603000
2023-06-22 00:00:00-04:00,42.22994767790135,43.40230809572924,42.21096084923493,43.001529693603516,417737000
2023-06-23 00:00:00-04:00,42.440832245341774,42.78564141996851,41.99207590923577,42.185970306396484,358140000
2023-06-26 00:00:00-04:00,42.43782951394114,42.74066558376808,40.078117742451454,40.60982894897461,594322000
2023-06-27 00:00:00-04:00,40.77674114143434,41.91711748885724,40.425934710005095,41.853153228759766,462175000
2023-06-28 00:00:00-04:00,40.637814961274316,41.82216977478574,40.49589414728599,41.094566345214844,582639000
2023-06-29 00:00:00-04:00,41.535319167111474,41.57729606340196,40.57784179444888,40.799720764160156,380514000
2023-06-30 00:00:00-04:00,41.657256974665316,42.52678117830855,41.47835379473084,42.27891540527344,501148000
2023-07-03 00:00:00-04:00,42.493797772318985,42.87459038816099,42.178971032897955,42.389854431152344,198209000
2023-07-05 00:00:00-04:00,42.112011067613764,43.15344240900505,42.062039108236945,42.293914794921875,323618000
2023-07-06 00:00:00-04:00,41.82117097723614,42.15598728056081,41.32344159639819,42.08002853393555,303582000
2023-07-07 00:00:00-04:00,42.298907804592,43.19042323587049,42.156986987539184,42.47980880737305,355881000
2023-07-10 00:00:00-04:00,42.633723309603205,42.787638599844065,41.6262701482501,42.156982421875,353908000
2023-07-11 00:00:00-04:00,42.45782138833829,42.734670684336905,42.04404961503228,42.38186264038086,298244000
2023-07-12 00:00:00-04:00,43.00951883998821,43.911027066615475,42.75365801470833,43.87804412841797,481277000
2023-07-13 00:00:00-04:00,44.49371584363228,46.12982004252078,44.46772905127002,45.95191955566406,478204000
2023-07-14 00:00:00-04:00,46.55758152341574,48.06176136683886,45.03541375901061,45.444190979003906,772075000
2023-07-17 00:00:00-04:00,46.26374664142169,46.47063062366615,45.23730653549651,46.43564987182617,510488000
2023-07-18 00:00:00-04:00,46.67552339505755,47.869871181137384,45.70905186855024,47.46809005737305,569164000
2023-07-19 00:00:00-04:00,47.43810135841546,47.79190828525745,46.71649520501369,47.05131149291992,427502000
2023-07-20 00:00:00-04:00,46.481623930021314,47.061309289375785,45.03741268358768,45.49516296386719,537865000
2023-07-21 00:00:00-04:00,45.7630136202291,45.84097398700811,44.07593496513591,44.284820556640625,963769000
2023-07-24 00:00:00-04:00,44.70659630501924,45.08439225529306,44.01597519686058,44.58766174316406,382516000
2023-07-25 00:00:00-04:00,44.916479357127734,46.15779841353938,44.89848762347168,45.654075622558594,348081000
2023-07-26 00:00:00-04:00,45.995890105777626,46.02787414060496,44.60565021693435,45.42720031738281,364237000
2023-07-27 00:00:00-04:00,46.49361978738997,47.3691412842477,45.72503835474356,45.87495803833008,455976000
2023-07-28 00:00:00-04:00,46.642535130211954,47.00134040286981,46.35569298072291,46.724491119384766,331194000
2023-07-31 00:00:00-04:00,46.728490538955285,47.10428482748887,46.480624760835596,46.7035026550293,251055000
2023-08-01 00:00:00-04:00,46.434649363103794,46.87441172832599,46.00188696062389,46.481624603271484,237858000
2023-08-02 00:00:00-04:00,45.80599828780853,45.81499224934551,43.363331362198146,44.244850158691406,530142000
2023-08-03 00:00:00-04:00,43.776101176403955,45.093382845124545,43.776101176403955,44.4907112121582,324176000
2023-08-04 00:00:00-04:00,44.960454456109325,45.61709364469408,44.36877842760478,44.65562057495117,362666000
2023-08-07 00:00:00-04:00,45.08638295717828,45.515149705608195,44.538681665646195,45.392215728759766,322154000
2023-08-08 00:00:00-04:00,44.82853306928863,45.21732080653418,44.03196695287684,44.6396369934082,353843000
2023-08-09 00:00:00-04:00,44.249839662592294,44.28782094053219,42.11100798733163,42.53078079223633,586449000
2023-08-10 00:00:00-04:00,42.13699953791343,43.550229596888094,41.81217607853569,42.36487579345703,492705000
2023-08-11 00:00:00-04:00,41.72822134358296,41.995077780865394,40.61682850581949,40.83271026611328,533085000
2023-08-14 00:00:00-04:00,40.463906685181655,43.776097398299775,40.289002945920664,43.729122161865234,690286000
2023-08-15 00:00:00-04:00,44.535687703362775,45.24330157403039,43.68614920885437,43.91602325439453,676512000
2023-08-16 00:00:00-04:00,44.49570885554983,44.65062306232533,43.38231446466475,43.46227264404297,527451000
2023-08-17 00:00:00-04:00,43.94600851428991,44.037957367966825,42.97753549055958,43.320350646972656,452395000
2023-08-18 00:00:00-04:00,42.611736188017545,43.55422246965972,41.63726968400494,43.27537536621094,583768000
2023-08-21 00:00:00-04:00,44.46972532960602,47.03932184051733,44.197874362477556,46.941375732421875,692573000
2023-08-22 00:00:00-04:00,48.108734662611624,48.16070824217046,45.30826536444509,45.64308166503906,755293000
2023-08-23 00:00:00-04:00,45.840975904298595,47.174247686520786,45.18333397410903,47.090293884277344,779046000
2023-08-24 00:00:00-04:00,50.18860388203468,50.23857584163044,47.13327244470362,47.13726806640625,1156044000
2023-08-25 00:00:00-04:00,46.98635035429789,47.77891694569502,44.999432271074504,45.99289321899414,925341000
2023-08-28 00:00:00-04:00,46.45663639493685,46.9543657684175,44.863508175320256,46.809444427490234,685192000
2023-08-29 00:00:00-04:00,46.640540743084706,49.05422410380392,46.365689250102406,48.75738525390625,701397000
2023-08-30 00:00:00-04:00,49.01724419129222,49.89976191680816,48.39858238725333,49.237125396728516,735206000
2023-08-31 00:00:00-04:00,49.353059479355466,49.71685929593791,48.93128883683363,49.32807159423828,528570000
2023-09-01 00:00:00-04:00,49.73485494683887,49.772832417582066,48.11573594167944,48.48253631591797,463830000
2023-09-05 00:00:00-04:00,48.196691434350704,48.824350993462005,47.83389050664192,48.521514892578125,382653000
2023-09-06 00:00:00-04:00,48.41855768556727,48.52650554110728,46.55841988311631,47.0391960144043,468670000
2023-09-07 00:00:00-04:00,45.50390990685552,46.32253071023721,45.13108161869616,46.21957778930664,433330000
2023-09-08 00:00:00-04:00,45.92071940996517,46.584409473307375,45.250028806839694,45.55088806152344,473069000
2023-09-11 00:00:00-04:00,46.1266142635962,46.14160670266933,44.29146651279777,45.157066345214844,473966000
2023-09-12 00:00:00-04:00,44.7172700232729,45.65183817230261,44.510365202730895,44.84920883178711,349256000
2023-09-13 00:00:00-04:00,44.57933983256991,45.908725609094766,44.48238464078705,45.463932037353516,398355000
2023-09-14 00:00:00-04:00,45.92871163748155,45.96569324434591,45.11009084488952,45.55988311767578,370097000
2023-09-15 00:00:00-04:00,45.31999198709531,45.577871869694,43.78770131863037,43.879661560058594,506831000
2023-09-18 00:00:00-04:00,42.728198651654026,44.221506057325286,41.98054405465205,43.94563293457031,500271000
2023-09-19 00:00:00-04:00,43.81269451068332,43.94563231876148,42.982078190954006,43.499839782714844,373064000
2023-09-20 00:00:00-04:00,43.579802461208814,43.88266351133672,42.203441401322486,42.21943283081055,367108000
2023-09-21 00:00:00-04:00,41.563736977268604,42.08049577030541,40.96101567472074,40.99799728393555,450736000
2023-09-22 00:00:00-04:00,41.552736723974945,42.09548821247719,41.21189511865896,41.590721130371094,479236000
2023-09-25 00:00:00-04:00,41.57173394062744,42.51629589542394,41.15792424834583,42.20244216918945,419091000
2023-09-26 00:00:00-04:00,41.981544768615734,42.80016565537031,41.63570436324995,41.89158630371094,402282000
2023-09-27 00:00:00-04:00,42.31038955896758,42.852138257331035,41.609714131697665,42.44832229614258,444935000
2023-09-28 00:00:00-04:00,42.4403244191023,43.42586759785592,42.095486874346165,43.069034576416016,424663000
2023-09-29 00:00:00-04:00,43.80669850043533,44.12355300458746,43.28693891278796,43.478851318359375,397830000
2023-10-02 00:00:00-04:00,44.00959530378771,45.15406516901344,43.84067489943253,44.76124954223633,433298000
2023-10-03 00:00:00-04:00,44.7872398839657,45.10909311668892,43.22596325710491,43.4968376159668,470850000
2023-10-04 00:00:00-04:00,43.72173429497183,44.12254948213482,43.27194202372295,44.02059555053711,361821000
2023-10-05 00:00:00-04:00,44.02958867771598,44.87919711812437,43.867664991028235,44.667293548583984,393483000
2023-10-06 00:00:00-04:00,44.17252564280475,45.767786867817584,44.005603198940975,45.74079895019531,434436000
2023-10-09 00:00:00-04:00,44.8212255136796,45.58387253374561,44.34744607540805,45.25202560424805,409675000
2023-10-10 00:00:00-04:00,45.289010107776726,46.23756795276768,45.06711283415853,45.77678298950195,368582000
2023-10-11 00:00:00-04:00,46.1745952222244,46.837290048651624,46.02866295969664,46.7843132019043,378137000
2023-10-12 00:00:00-04:00,46.75532686388765,47.58694209872688,46.30853537914647,46.923248291015625,481325000
2023-10-13 00:00:00-04:00,46.93823975092536,47.094169510667186,45.25901788884397,45.43993377685547,474115000
2023-10-16 00:00:00-04:00,45.04212688013775,46.20358739976767,44.8911958461008,46.07365036010742,375099000
2023-10-17 00:00:00-04:00,43.97961605242817,44.73326836237256,42.46031976761086,43.91764450073242,812333000
2023-10-18 00:00:00-04:00,42.57127011789517,43.19898137436451,41.80562611222444,42.17645263671875,627294000
2023-10-19 00:00:00-04:00,42.79116734856338,43.27694225554759,41.86259688147746,42.08149719238281,501233000
2023-10-20 00:00:00-04:00,41.87058984444125,42.45032293422298,41.05896580650467,41.36782455444336,477266000
2023-10-23 00:00:00-04:00,41.209903709929456,43.22796955938642,40.92603485604566,42.95509338378906,478530000
2023-10-24 00:00:00-04:00,43.05704182148603,43.67675350399577,42.67122288444641,43.64276885986328,401463000
2023-10-25 00:00:00-04:00,43.3778969328652,43.62978292171346,41.53575210190213,41.759647369384766,398379000
2023-10-26 00:00:00-04:00,41.833612702341114,42.23642589504536,39.86152709976489,40.30731964111328,541001000
2023-10-27 00:00:00-04:00,41.11094855365019,41.18691356194545,39.99646337372596,40.481239318847656,416784000
2023-10-30 00:00:00-04:00,41.06796641155254,41.74664887563725,40.462244361806775,41.141929626464844,388028000
2023-10-31 00:00:00-04:00,40.43126324594468,40.86006537582252,39.21182716227926,40.7611083984375,517969000
2023-11-01 00:00:00-04:00,40.86506257244454,42.361370852066266,40.85007013008419,42.305397033691406,437593000
2023-11-02 00:00:00-04:00,43.307920925769054,43.863663031413026,42.874123932526324,43.48583984375,409172000
2023-11-03 00:00:00-04:00,43.99960568025811,45.28800612867796,43.70274239785865,44.98414993286133,424610000
2023-11-06 00:00:00-05:00,45.264017491010264,45.91371784511654,44.87819475411046,45.729801177978516,400733000
2023-11-07 00:00:00-05:00,45.69782127762116,46.19658683928955,45.137080351571434,45.933712005615234,343165000
2023-11-08 00:00:00-05:00,46.07863835763678,46.84528507821162,45.94669954943022,46.55242156982422,346719000
2023-11-09 00:00:00-05:00,47.44500813069146,48.207655129484806,46.728341254280565,46.92824935913086,540496000
2023-11-10 00:00:00-05:00,47.47799830791122,48.44954820582583,47.26109976651128,48.3126106262207,421245000
2023-11-13 00:00:00-05:00,48.29761289799248,49.0932455425318,48.07671461686158,48.59747314453125,384136000
2023-11-14 00:00:00-05:00,49.656982745411305,49.81091072360735,49.0172798779873,49.632991790771484,416954000
2023-11-15 00:00:00-05:00,49.91186458554616,49.93685071433626,48.17766786704911,48.86534881591797,475497000
2023-11-16 00:00:00-05:00,48.656453168876766,49.50206198018349,48.30761579872143,49.45708084106445,339756000
2023-11-17 00:00:00-05:00,49.501058800683616,49.69397019639206,48.98429998268991,49.27516555786133,325205000
2023-11-20 00:00:00-05:00,49.28915491828104,50.52458236287964,49.15821508964933,50.38564682006836,414120000
2023-11-21 00:00:00-05:00,50.10277900216273,50.49359671556376,49.19919844365085,49.92086410522461,565747000
2023-11-22 00:00:00-05:00,49.828903283324706,50.311677390399474,47.66790243959162,48.69342803955078,899420000
2023-11-24 00:00:00-05:00,48.447546842242424,48.898338123964756,47.72288042046281,47.753868103027344,294645000
2023-11-27 00:00:00-05:00,47.77785748284775,48.50751887716154,47.62992722854215,48.21965408325195,395662000
2023-11-28 00:00:00-05:00,48.21365587465316,48.30061737366352,47.451008828305284,47.79884719848633,401491000
2023-11-29 00:00:00-05:00,48.356594013738764,48.73941604084302,47.83783339129859,48.11770248413086,382005000
2023-11-30 00:00:00-05:00,48.001753748264925,48.08771626219489,46.40049841116385,46.74833679199219,526247000
2023-12-01 00:00:00-05:00,46.50344903798777,47.178135584830024,46.165604364255195,46.74333572387695,369317000
2023-12-04 00:00:00-05:00,46.055649290414806,46.055649290414806,44.98914235651732,45.48891067504883,437543000
2023-12-05 00:00:00-05:00,45.448929830983346,46.58250295286297,45.25400334691917,46.548519134521484,371718000
2023-12-06 00:00:00-05:00,47.1972712799081,47.36920757989655,45.39494688938398,45.48591232299805,380590000
2023-12-07 00:00:00-05:00,45.682846700658764,46.611498843154216,45.58688206431512,46.57851028442383,350823000
2023-12-08 00:00:00-05:00,46.57750949930058,47.72307920041658,46.53252440936205,47.48816680908203,359224000
2023-12-11 00:00:00-05:00,47.47317498768805,47.51315707527434,45.81279915946564,46.6094970703125,509728000
2023-12-12 00:00:00-05:00,46.028715290198626,47.64810605776617,46.028715290198626,47.63911056518555,372387000
2023-12-13 00:00:00-05:00,47.61112654633229,48.57576453625137,47.59013451910957,48.06995391845703,447792000
2023-12-14 00:00:00-05:00,48.37183022607663,48.651723873245274,47.40419517924722,48.331844329833984,391232000
2023-12-15 00:00:00-05:00,48.17590524193445,49.38545001807013,48.10193171433854,48.87164306640625,479948000
2023-12-18 00:00:00-05:00,49.381456841806674,50.414066187630915,49.13155069141953,50.05820083618164,412587000
2023-12-19 00:00:00-05:00,49.40544401373602,49.68134136834579,48.87664329291069,49.58537673950195,464444000
2023-12-20 00:00:00-05:00,49.636352578237826,49.98022517040364,48.07993804838336,48.092933654785156,397894000
2023-12-21 00:00:00-05:00,48.79267736467951,49.076571148767,48.40082241502789,48.97161102294922,300425000
2023-12-22 00:00:00-05:00,49.17653306295307,49.36446221767303,48.44880569619553,48.81167221069336,252507000
2023-12-26 00:00:00-05:00,48.949613984887115,49.581376676631486,48.94161756801922,49.260498046875,244200000
2023-12-27 00:00:00-05:00,49.49241542635842,49.661350703421,49.066572842938115,49.3984489440918,233648000
2023-12-28 00:00:00-05:00,49.62436711615611,49.86527396770583,49.39345101981501,49.50341033935547,246587000
2023-12-29 00:00:00-05:00,49.79430147307111,49.978234327074226,48.732699840316755,49.50341033935547,389293000
2024-01-02 00:00:00-05:00,49.22551389912714,49.27649344260116,47.57713465197093,48.14991760253906,411254000
2024-01-03 00:00:00-05:00,47.46717554449256,48.16591065021649,47.302236567517355,47.551143646240234,320896000
2024-01-04 00:00:00-05:00,47.74906818641796,48.48179475152094,47.49016653492504,47.979984283447266,306535000
2024-01-05 00:00:00-05:00,48.4438038170967,49.52839547317931,48.28786035280196,49.07856369018555,415039000
2024-01-08 00:00:00-05:00,49.493411188465835,52.25537427649761,49.46042263300492,52.23337936401367,642510000
2024-01-09 00:00:00-05:00,52.38133132087113,54.304608899415356,51.670595858503674,53.120052337646484,773100000
2024-01-10 00:00:00-05:00,53.59587940710282,54.57950746453521,53.468924354297435,54.3296012878418,533796000
2024-01-11 00:00:00-05:00,54.978353810668786,55.32522366817502,53.539894837912634,54.80141830444336,596759000
2024-01-12 00:00:00-05:00,54.59949438818704,54.94936528488959,54.30960615330977,54.68946075439453,352994000
2024-01-16 00:00:00-05:00,54.99734961591672,56.813665103138256,54.879393878712925,56.360836029052734,449580000
2024-01-17 00:00:00-05:00,56.325847887071866,56.44980188752581,54.71945269845349,56.031959533691406,474394000
2024-01-18 00:00:00-05:00,57.23850610997206,57.57837864545508,56.08593900392558,57.08556365966797,491650000
2024-01-19 00:00:00-05:00,57.96722726620944,59.47766156901135,57.20351416018429,59.468666076660156,543501000
2024-01-22 00:00:00-05:00,60.0264592424289,60.3083548831195,59.04782663734,59.63160705566406,452955000
2024-01-23 00:00:00-05:00,59.54764104000483,59.88751357892662,58.56301013401379,59.850528717041016,294654000
2024-01-24 00:00:00-05:00,60.281361099060014,62.82540380675393,59.91549737664772,61.33896255493164,560271000
2024-01-25 00:00:00-05:00,62.326590967001806,62.69545573126452,60.8271540987025,61.593868255615234,482777000
2024-01-26 00:00:00-05:00,60.93711847607482,61.759811433716834,60.550266507965134,61.00809097290039,390309000
2024-01-29 00:00:00-05:00,61.209012360122756,62.46554046020734,60.884137413565526,62.441551208496094,348733000
2024-01-30 00:00:00-05:00,62.876390843205506,63.46916675485246,62.23662787593773,62.75043487548828,410735000
2024-01-31 00:00:00-05:00,61.41693329631054,62.24562445900208,60.67721323683143,61.503902435302734,453795000
2024-02-01 00:00:00-05:00,62.07668769492248,63.167281577618986,61.626859664228725,63.00334167480469,369146000
2024-02-02 00:00:00-05:00,63.94997850101078,66.57499195926525,63.66608473882134,66.13516235351562,476578000
2024-02-05 00:00:00-05:00,68.19939012424172,69.47091584987561,67.17977633836104,69.30597686767578,680078000
2024-02-06 00:00:00-05:00,69.60386495591794,69.72781896754408,66.27512050871108,68.19739532470703,683111000
2024-02-07 00:00:00-05:00,68.29334720317483,70.1936343745623,67.57461541049389,70.07267761230469,495575000
2024-02-08 00:00:00-05:00,70.04768899799114,70.76741990227906,69.42892572649546,69.61485290527344,414422000
2024-02-09 00:00:00-05:00,70.50652846806685,72.15790895507466,70.18564978274989,72.1059341430664,436637000
2024-02-12 00:00:00-05:00,72.57274383383451,74.5829904741092,71.22325216031359,72.22087860107422,613710000
2024-02-13 00:00:00-05:00,70.37358838482487,73.42243948960919,69.59388225066057,72.10093688964844,602580000
2024-02-14 00:00:00-05:00,73.17453257134588,74.20814111994534,71.91100698040367,73.87226867675781,504917000
2024-02-15 00:00:00-05:00,73.84127361084667,73.9472289995395,72.37282328939969,72.63072204589844,420122000
2024-02-16 00:00:00-05:00,74.07218040927339,74.37406898709354,72.47378167003887,72.58573913574219,495327000
2024-02-20 00:00:00-05:00,71.91999242878622,71.92899173506727,67.70857639129635,69.42593383789062,704833000
2024-02-21 00:00:00-05:00,67.9804743369606,68.86214710879592,66.22313849991595,67.4466781616211,690298000
2024-02-22 00:00:00-05:00,74.99684018330679,78.5455030813757,74.1921420425949,78.5085220336914,865100000
2024-02-23 00:00:00-05:00,80.7596734872896,82.36306764653858,77.54088100968389,78.78741455078125,829388000
2024-02-26 00:00:00-05:00,79.67009046088133,80.6157422578572,78.47553917565106,79.06232452392578,503973000
2024-02-27 00:00:00-05:00,79.35119274989219,79.45016223022866,77.13303174065258,78.67144775390625,391705000
2024-02-28 00:00:00-05:00,77.59086697046706,78.90337002935253,77.09605003023249,77.63385009765625,393110000
2024-02-29 00:00:00-05:00,79.06430729405044,79.9599670015527,78.3205833213307,79.0822982788086,507289000
2024-03-01 00:00:00-05:00,79.96996422541928,82.26910374751212,79.40517391258761,82.24810791015625,479135000
2024-03-04 00:00:00-05:00,84.09841513764894,87.66207928922401,83.6875739405617,85.20500183105469,615616000
2024-03-05 00:00:00-05:00,85.24198821051228,86.06872004565462,83.38960003379123,85.93576049804688,520639000
2024-03-06 00:00:00-05:00,87.99308922719804,89.69452599594824,87.00141069166892,88.67086029052734,582520000
2024-03-07 00:00:00-05:00,90.12837327546654,92.73651717702312,89.57255620841083,92.6385498046875,608119000
2024-03-08 00:00:00-05:00,95.10675351305797,97.36801162259309,86.47758481062256,87.49925231933594,1142269000
2024-03-11 00:00:00-04:00,86.40061803177863,88.7678366102768,84.13836070078284,85.74583435058594,678364000
2024-03-12 00:00:00-04:00,88.02008324614344,91.92979413377263,86.12170491240781,91.8828125,668075000
2024-03-13 00:00:00-04:00,91.02508398682748,91.47393396528192,88.40594204784502,90.85813903808594,635713000
2024-03-14 00:00:00-04:00,89.54757446626068,90.61622350841212,86.57154750613068,87.91510772705078,602318000
2024-03-15 00:00:00-04:00,86.90143633231817,89.51657406692517,86.22866094849327,87.80813598632812,642086000
2024-03-18 00:00:00-04:00,90.35831286729302,92.37464868231102,87.05639632268333,88.42594909667969,668976000
2024-03-19 00:00:00-04:00,86.67151765212044,90.51425674084177,84.98207797118587,89.36863708496094,672171000
2024-03-20 00:00:00-04:00,89.76749997737916,90.38030520484318,88.19401951660328,90.34231567382812,479063000
2024-03-21 00:00:00-04:00,92.26968196617385,92.61756721905257,90.37530021359187,91.40496063232422,480372000
2024-03-22 00:00:00-04:00,91.11105766429952,94.7468638928685,90.8041593115699,94.25802612304688,586719000
2024-03-25 00:00:00-04:00,93.91013861786189,96.7342074446901,93.47928046219188,94.97078704833984,552136000
2024-03-26 00:00:00-04:00,95.8195062336972,96.34333614885402,92.47160751849903,92.53058624267578,513648000
2024-03-27 00:00:00-04:00,93.08140362412708,93.20935991690288,89.09371596526927,90.22034454345703,586067000
2024-03-28 00:00:00-04:00,89.97043098866838,91.2700069314821,89.163696917333,90.3263168334961,435212000
2024-04-01 00:00:00-04:00,90.26933865065378,92.1947007975338,89.17469715880289,90.33331298828125,452441000
2024-04-02 00:00:00-04:00,88.41893947358703,90.06440242112468,87.59121620163441,89.42261505126953,433064000
2024-04-03 00:00:00-04:00,88.45493823513225,90.3443168469122,88.3709661913593,88.93477630615234,370067000
2024-04-04 00:00:00-04:00,90.37629042203368,90.60421995433492,85.85177670926352,85.87677001953125,434965000
2024-04-05 00:00:00-04:00,86.8374646504957,88.45193966671309,85.89777859630549,87.97909545898438,399678000
2024-04-08 00:00:00-04:00,88.67085666122206,88.80081883400379,86.70350850941023,87.10437774658203,283220000
2024-04-09 00:00:00-04:00,87.41326961083752,87.60620698800746,82.99472376686872,85.3259506225586,503547000
2024-04-10 00:00:00-04:00,83.89843024698811,87.3712879556285,83.68149867040677,87.01040649414062,431929000
2024-04-11 00:00:00-04:00,87.39128560717941,90.70919574606373,86.89745219051976,90.58623504638672,431637000
2024-04-12 00:00:00-04:00,89.66953943111257,90.1453886602286,87.50125303417155,88.15703582763672,426805000
2024-04-15 00:00:00-04:00,89.06873054875433,90.58323225547265,85.9007728583494,85.97274780273438,443077000
2024-04-16 00:00:00-04:00,86.40460421758179,88.08904823109181,86.03572977127556,87.38628387451172,370453000
2024-04-17 00:00:00-04:00,88.3109710984958,88.7458333599475,83.92241409948026,84.00739288330078,495400000
2024-04-18 00:00:00-04:00,84.94209387359811,86.16169439997329,82.37493650827429,84.6431884765625,447260000
2024-04-19 00:00:00-04:00,83.12268637450086,84.29629668319684,75.58116589392048,76.17496490478516,875198000
2024-04-22 00:00:00-04:00,78.07833775408314,80.04669267273574,76.37490279505329,79.49187469482422,596341000
2024-04-23 00:00:00-04:00,80.74246382535908,82.7418068067518,80.23763246823718,82.39591979980469,438559000
2024-04-24 00:00:00-04:00,83.92242471814481,84.0543851474842,79.15699208262093,79.65083312988281,512208000
2024-04-25 00:00:00-04:00,78.84208734175279,83.29562566305763,78.19730258611348,82.6048583984375,424641000
2024-04-26 00:00:00-04:00,83.79047109382074,88.30198930446801,83.3596128981717,87.70618438720703,551011000
2024-04-29 00:00:00-04:00,87.56622296271497,87.96308807915567,85.23798574736955,87.7281723022461,388971000
2024-04-30 00:00:00-04:00,87.21134125053536,88.78982495986544,86.27165520822136,86.37361907958984,363709000
2024-05-01 00:00:00-04:00,85.04905184528752,85.9717451202874,81.22830132116862,83.01371765136719,559863000
2024-05-02 00:00:00-04:00,84.42125626969049,86.20867093085921,83.17266601309362,85.78881072998047,377898000
2024-05-03 00:00:00-04:00,87.76016278941914,89.25166943381491,87.01140828668458,88.75983428955078,398341000
2024-05-06 00:00:00-04:00,89.36062948973989,92.18970149787158,89.02574047227303,92.10972595214844,376203000
2024-05-07 00:00:00-04:00,91.06806618454974,91.75084041902228,88.98175395384375,90.52424621582031,437342000
2024-05-08 00:00:00-04:00,89.45361321300157,91.16404981267715,89.39063036492911,90.38230895996094,325721000
2024-05-09 00:00:00-04:00,90.4992620554592,91.04208295679378,88.20202038816478,88.71784973144531,378013000
2024-05-10 00:00:00-04:00,90.27534193987526,91.37098265790202,89.19769305265027,89.84848022460938,335325000
2024-05-13 00:00:00-04:00,90.44827727503778,90.96811074029578,88.49991996993283,90.36930847167969,289680000
2024-05-14 00:00:00-04:00,89.56956971282393,91.62089767401247,88.90478722070216,91.32599639892578,296507000
2024-05-15 00:00:00-04:00,92.44161932872312,94.83083350687552,91.5689050462718,94.59890747070312,417735000
2024-05-16 00:00:00-04:00,94.87882442022669,95.78752238437566,94.07208269713682,94.3280029296875,323952000
2024-05-17 00:00:00-04:00,94.33799437588382,94.70886703782735,91.77583301886031,92.4486083984375,359691000
2024-05-20 00:00:00-04:00,93.71920279909754,95.16872341830162,93.40930707577944,94.74886322021484,318764000
2024-05-21 00:00:00-04:00,93.56825212335475,95.36866300361463,93.14939104451075,95.35466766357422,328946000
2024-05-22 00:00:00-04:00,95.42764347286975,95.98845620709115,93.21837032400495,94.91880798339844,548648000
2024-05-23 00:00:00-04:00,101.99449335003398,106.28508365177811,101.48665694608555,103.7649154663086,835065000
2024-05-24 00:00:00-04:00,104.41469537259921,106.44003098960508,102.96617374072069,106.43403625488281,429494000
2024-05-28 00:00:00-04:00,110.2077900069521,114.90124747385036,109.84690852832622,113.86358642578125,652728000
2024-05-29 00:00:00-04:00,113.01286640628571,115.45405793078952,110.86457027293942,114.78727722167969,557442000
2024-05-30 00:00:00-04:00,114.612337538274,115.78095222554882,109.62697631949285,110.46369934082031,487350000
2024-05-31 00:00:00-04:00,112.4830297906596,112.67997129263833,106.904868817121,109.59698486328125,613263000
2024-06-03 00:00:00-04:00,113.58368201334555,114.96222686767578,111.96620962094242,114.96222686767578,438392000
2024-06-04 00:00:00-04:00,115.67799408835361,116.56169877793198,114.00753771578134,116.39875030517578,403324000
2024-06-05 00:00:00-04:00,118.33212409256934,122.40878000462286,117.42942079845784,122.39978790283203,528402000
2024-06-06 00:00:00-04:00,124.00725324087743,125.54574922421772,118.2811377621336,120.95825958251953,664696000
2024-06-07 00:00:00-04:00,119.73066046106749,121.65203391481319,117.98324108710487,120.84829711914062,412386000
2024-06-10 00:00:00-04:00,120.33046067723372,123.05955958930451,116.9715638416941,121.74999237060547,314162700
2024-06-11 00:00:00-04:00,121.73999195116299,122.83972700807324,118.7107397776175,120.88021087646484,222551200
2024-06-12 00:00:00-04:00,123.02967915018486,126.84873770805827,122.53980200765415,125.16915130615234,299595000
2024-06-13 00:00:00-04:00,129.35813218658845,129.7680348697194,127.12868568021801,129.5780792236328,260704500
2024-06-14 00:00:00-04:00,129.92799370452428,132.80727390157034,128.28839829543193,131.84751892089844,309320400
2024-06-17 00:00:00-04:00,132.9572533982128,133.69706139159663,129.54808953427707,130.94773864746094,288504400
2024-06-18 00:00:00-04:00,131.10769173939232,136.29641557179684,130.6578056523983,135.54660034179688,294335100
2024-06-20 00:00:00-04:00,139.76557010788932,140.72532511567726,129.48810330722768,130.74778747558594,517768400
2024-06-21 00:00:00-04:00,127.08867825178737,130.5978154647857,124.26937345205326,126.53881072998047,655484700
2024-06-24 00:00:00-04:00,123.20963548646723,124.42933613805307,118.01091965046173,118.08090209960938,476060900
2024-06-25 00:00:00-04:00,121.17013488438512,126.46883208603107,119.29060083723321,126.05892944335938,425787500
2024-06-26 00:00:00-04:00,126.09892059020918,128.08842814640124,122.56979155312732,126.36885833740234,362975900
2024-06-27 00:00:00-04:00,124.06941564080125,126.37885155800387,122.88970613137967,123.95944213867188,252571700
2024-06-28 00:00:00-04:00,124.54930428199576,127.67853027804634,122.71975337861936,123.50955963134766,315516700
2024-07-01 00:00:00-04:00,123.43958890104815,124.80924657003757,118.8007324055703,124.2693862915039,284885500
2024-07-02 00:00:00-04:00,121.10014907077634,123.37959365292392,121.00017523772506,122.6397705078125,218374000
2024-07-03 00:00:00-04:00,121.63003350315482,128.24839782714844,121.33010435521813,128.24839782714844,215749000
2024-07-05 00:00:00-04:00,127.34860945857926,128.81825608276083,125.64903140778242,125.79899597167969,214176700
2024-07-08 00:00:00-04:00,127.4585719244731,130.73776982046533,127.0086858992603,128.16839599609375,237677300
2024-07-09 00:00:00-04:00,130.3178959397844,133.78704236722226,128.61830251041144,131.34764099121094,285366600
2024-07-10 00:00:00-04:00,133.99698191654937,135.0667256558596,132.38737791270125,134.87677001953125,248978600
2024-07-11 00:00:00-04:00,135.71655549549055,136.1164508461357,127.0187019512054,127.36861419677734,374782700
2024-07-12 00:00:00-04:00,128.2284060345482,131.88750829381019,127.1886688828338,129.2081756591797,252680500
2024-07-15 00:00:00-04:00,130.52782847793975,131.35762580228223,127.14866403247436,128.40835571289062,208326200
2024-07-16 00:00:00-04:00,128.40836211736584,129.0082051584145,124.54931239200171,126.32887268066406,214769500
2024-07-17 00:00:00-04:00,121.32010271185337,121.8199795319496,116.69124610366761,117.96092987060547,390086200
2024-07-18 00:00:00-04:00,121.81998031239168,122.36984786902624,116.53128260658956,121.06016540527344,320979500
2024-07-19 00:00:00-04:00,120.32034177331325,121.57003374775046,117.341080377663,117.90093994140625,217223800
2024-07-22 00:00:00-04:00,120.3203432330864,124.03942781453529,119.8304661088677,123.50955963134766,258068900
2024-07-23 00:00:00-04:00,122.74974719191928,124.65928025097237,122.06991443104106,122.5597915649414,173911000
2024-07-24 00:00:00-04:00,119.1406333610656,119.92043994002134,113.41204956795865,114.22184753417969,327776900
2024-07-25 00:00:00-04:00,113.01214179627254,116.60125336651197,106.27380502948411,112.25232696533203,460067000
2024-07-26 00:00:00-04:00,116.16137637359374,116.17136841805404,111.55251154245995,113.03214263916016,293399100
2024-07-29 00:00:00-04:00,113.66198865142056,116.25134680115113,111.27257816967544,111.5625,248152100
2024-07-30 00:00:00-04:00,111.49251876218644,111.96240417731258,102.51473565355279,103.7044448852539,486833300
2024-07-31 00:00:00-04:00,112.87217777091092,118.31083191790377,110.85267132044424,116.99115753173828,473174200
2024-08-01 00:00:00-04:00,117.50104810323892,120.13040514788088,106.78368749587625,109.18309783935547,523462300
2024-08-02 00:00:00-04:00,103.73443867463745,108.69321575888374,101.3450281116693,107.24356842041016,482027500
2024-08-05 00:00:00-04:00,92.0373150047539,103.38452459369911,90.66765743904186,100.42524719238281,552842400
2024-08-06 00:00:00-04:00,103.8144091952266,107.68345833707174,100.52522659409519,104.22431182861328,409012100
2024-08-07 00:00:00-04:00,107.78343659639361,108.77319818362058,98.6656883565928,98.88563537597656,411440400
2024-08-08 00:00:00-04:00,101.97486813365401,105.47400576569116,97.49596860854,104.94413757324219,391910000
2024-08-09 00:00:00-04:00,105.6139698534446,106.57373239559361,103.40451530940655,104.72418975830078,290844200
2024-08-12 00:00:00-04:00,106.29380933051287,111.04263923804827,106.23382655143305,108.9931411743164,325559900
2024-08-13 00:00:00-04:00,112.41229629244809,116.20136332032301,111.55250759337807,116.11138153076172,312646700
2024-08-14 00:00:00-04:00,118.5007970340635,118.57077948335262,114.04189674110647,118.05091094970703,339246400
2024-08-15 00:00:00-04:00,118.73074633761901,123.2096384456698,117.44106320591041,122.8297348022461,318086700
2024-08-16 00:00:00-04:00,121.90995234205361,124.9691958147952,121.15013749579563,124.54930114746094,302589900
2024-08-19 00:00:00-04:00,124.24936523467589,129.96795654296875,123.38957660426745,129.96795654296875,318333600
2024-08-20 00:00:00-04:00,128.36836140301475,129.8480077753235,125.85898525590325,127.2186508178711,300087400
2024-08-21 00:00:00-04:00,127.288628455805,129.31813467743694,126.62879504399294,128.4683380126953,257883600
2024-08-22 00:00:00-04:00,129.98796994394152,130.717785815134,123.06966909662319,123.70951080322266,376189100
2024-08-23 00:00:00-04:00,125.82898983127045,129.56807382051312,125.18914813175064,129.33811950683594,323230300
2024-08-26 00:00:00-04:00,129.53808260280766,131.22765338990934,124.33935925298674,126.42884063720703,331964700
2024-08-27 00:00:00-04:00,125.01920259136338,129.1681743229575,123.84948497148315,128.26840209960938,303134600
2024-08-28 00:00:00-04:00,128.0884319398247,128.29838691719942,122.60978624415954,125.57905578613281,448101100
2024-08-29 00:00:00-04:00,121.33009516824127,124.39933835599817,116.68123949231907,117.56101989746094,453023300
2024-08-30 00:00:00-04:00,119.50054804230363,121.72000228172388,117.19111963899515,119.34059143066406,333751600
2024-09-03 00:00:00-04:00,115.9814171340765,116.18136480283337,107.26356453201906,107.973388671875,477155100
2024-09-04 00:00:00-04:00,105.38403194779274,113.24208832420429,104.09434887245212,106.18383026123047,372470300
2024-09-05 00:00:00-04:00,104.96413183407385,109.6229874268856,104.73419276980215,107.18358612060547,306850700
2024-09-06 00:00:00-04:00,108.0133719412909,108.12334543943037,100.92511547059387,102.80465698242188,413638100
2024-09-09 00:00:00-04:00,104.85415910703641,106.52375348417674,103.66445746112835,106.44377136230469,273912000
2024-09-10 00:00:00-04:00,107.78343479415585,109.37304700834024,104.92413884500664,108.0733642578125,268283700
2024-09-11 00:00:00-04:00,109.3630438515934,117.16112485124165,107.39352807236727,116.88119506835938,441422400
2024-09-12 00:00:00-04:00,116.82120128077001,120.77057045474369,115.3614370539407,119.12083435058594,367100500
2024-09-13 00:00:00-04:00,119.06084000976254,119.94069565795841,117.58107480834963,119.0808334350586,238358300
2024-09-16 00:00:00-04:00,116.77120810734208,118.16098383065176,114.34159881620232,116.7612075805664,248772300
2024-09-17 00:00:00-04:00,118.15099033708098,118.7808938826076,114.81153124290536,115.57140350341797,231925900
2024-09-18 00:00:00-04:00,115.87135202544096,117.68105834506785,113.20178347448297,113.35176086425781,310318900
2024-09-19 00:00:00-04:00,117.3311230698782,119.64075670028409,117.23114068021938,117.85104370117188,293506400
2024-09-20 00:00:00-04:00,117.041165532472,118.6009197546388,115.37143602446805,115.98133850097656,382462400
2024-09-23 00:00:00-04:00,116.5312567610485,116.97118080282907,114.84152614526418,116.24130249023438,206228500
2024-09-24 00:00:00-04:00,116.5012492087513,121.78040609310197,115.36143323881014,120.85055541992188,354966800
2024-09-25 00:00:00-04:00,122.00036937142775,124.91990547833531,121.5904392877682,123.4901351928711,284692900
2024-09-26 00:00:00-04:00,126.77960826024157,127.64946344549999,121.78041247124415,124.02005004882812,302582900
2024-09-27 00:00:00-04:00,123.9500642912149,124.01005220096552,119.24082267160239,121.38047790527344,271009200
2024-09-30 00:00:00-04:00,118.29096227592748,121.48045146740193,118.13099198549791,121.42046356201172,226553700
2024-10-01 00:00:00-04:00,121.75040758040218,122.42030559533124,115.77137385100936,116.9811782836914,302094500
2024-10-02 00:00:00-04:00,116.42127087200362,119.360792730428,115.12147695024304,118.83087921142578,221845900
2024-10-03 00:00:00-04:00,120.90054847309592,124.33999759824167,120.32063993396463,122.83023834228516,277118000
2024-10-04 00:00:00-04:00,124.91990339813242,125.01988578554294,121.810403092212,124.89990234375,243678100
2024-10-07 00:00:00-04:00,124.96989107230341,130.61898369823507,124.92989659161151,127.69945526123047,346250200
2024-10-08 00:00:00-04:00,130.23904002332463,133.45852325335272,129.39917881279587,132.86862182617188,285722500
2024-10-09 00:00:00-04:00,134.08841860906853,134.49835629027027,131.35886221320516,132.62864685058594,246191600
2024-10-10 00:00:00-04:00,131.8887724251562,134.97827142059657,130.97891523035668,134.78829956054688,242311300
2024-10-11 00:00:00-04:00,133.98843884138304,135.75815840657205,133.63850429309608,134.7783203125,170209500
2024-10-14 00:00:00-04:00,136.44805696221857,139.57755854294567,136.27808612883217,138.0478057861328,232347700
2024-10-15 00:00:00-04:00,137.84782283581688,138.547722466739,128.71930149862905,131.57884216308594,377831000
2024-10-16 00:00:00-04:00,133.9584403413635,136.5980149944232,131.55883256815804,135.6981658935547,264879700
2024-10-17 00:00:00-04:00,139.31759037510415,140.8673441853548,136.8479863322171,136.90797424316406,306435900
2024-10-18 00:00:00-04:00,138.64768884107772,138.87764756674068,137.25791307551907,137.97779846191406,176090200
2024-10-21 00:00:00-04:00,138.1077854115753,143.6868896484375,137.97780144123402,143.6868896484375,264554500
2024-10-22 00:00:00-04:00,142.88702644418225,144.39677817254247,141.7572032447214,143.56690979003906,226311600
2024-10-23 00:00:00-04:00,142.00715584596583,142.4070854107316,137.43789878035992,139.5375518798828,285930000
2024-10-24 00:00:00-04:00,140.79735837298583,141.3272719093067,138.4377373361036,140.38742065429688,172354900
2024-10-25 00:00:00-04:00,140.90732467853542,144.1068221770471,140.77735596279692,141.51722717285156,205122100
2024-10-28 00:00:00-04:00,142.9770029033179,143.11697977842437,140.02748037021578,140.49740600585938,173586700
2024-10-29 00:00:00-04:00,140.26742736816374,142.23711171034327,138.87765156261756,141.22727966308594,157593600
2024-10-30 00:00:00-04:00,139.51754595215704,140.30742741103543,136.78798938993828,139.3175811767578,179418100
2024-10-31 00:00:00-04:00,137.57788081150406,137.5878737112806,132.08875807974474,132.7386474609375,270039600
2024-11-01 00:00:00-04:00,134.67833522595924,137.2879161101812,134.5483665061615,135.3782196044922,207127800
2024-11-04 00:00:00-05:00,137.18793904541485,138.9376575905799,135.54820341905642,136.0281219482422,187528200
2024-11-05 00:00:00-05:00,137.4278859649573,140.3474144064953,137.30791015086248,139.8874969482422,160537400
2024-11-06 00:00:00-05:00,142.9370107400554,146.46644169789403,141.93717159604822,145.58657836914062,242043900
2024-11-07 00:00:00-05:00,146.3664587614797,148.9060435973239,146.14649291865044,148.85606384277344,207323300
2024-11-08 00:00:00-05:00,148.7460628790407,149.74590195013883,146.236457046531,147.6062469482422,175665800
2024-11-11 00:00:00-05:00,148.65606583595482,148.82605190369284,143.5469028263821,145.2366180419922,182325600
2024-11-12 00:00:00-05:00,146.7563770410738,149.62591028148023,145.98649668767203,148.26612854003906,198634700
2024-11-13 00:00:00-05:00,149.04602786184785,149.30598054586102,145.87652436377047,146.24647521972656,191903300
2024-11-14 00:00:00-05:00,147.6162371498861,148.97601887199116,145.52657719098687,146.7363739013672,194463300
2024-11-15 00:00:00-05:00,144.8466877533126,145.2166386002855,140.05746510375218,141.9571533203125,250132900
2024-11-18 00:00:00-05:00,139.47755210471132,141.52722527651324,137.1279241566863,140.12744140625,221866000
2024-11-19 00:00:00-05:00,141.2972716123141,147.10633445236968,140.96732287230222,146.98634338378906,227834900
2024-11-20 00:00:00-05:00,147.38629113505743,147.53626090336707,142.70703603144835,145.8665313720703,309871700
2024-11-21 00:00:00-05:00,149.32598496889756,152.8654088901037,140.67736706254192,146.6464080810547,400946600
2024-11-22 00:00:00-05:00,145.90650981286518,147.13632286743956,141.07730047570033,141.92715454101562,236406200
2024-11-25 00:00:00-05:00,141.9671640146257,142.02715192160386,135.79815839357323,135.9981231689453,344941900
2024-11-26 00:00:00-05:00,137.6778530821544,139.277601884859,135.64818075181995,136.89797973632812,190287700
2024-11-27 00:00:00-05:00,134.98827330747284,137.19792446250455,131.77879829463743,135.31822204589844,226370900
2024-11-29 00:00:00-05:00,136.75800311530705,139.32759715528792,136.02812477876728,138.22776794433594,141863200
2024-12-02 00:00:00-05:00,138.8076612979231,140.42739572538855,137.7978293194704,138.60769653320312,171682800
2024-12-03 00:00:00-05:00,138.23776359782383,140.51739577472358,137.92781588392697,140.23744201660156,164414000
2024-12-04 00:00:00-05:00,141.97715912549498,145.76654278655016,140.26742746830917,145.1166534423828,231224300
2024-12-05 00:00:00-05:00,145.0966598316491,146.52652104015894,143.93676281520223,145.04666137695312,172621200
2024-12-06 00:00:00-05:00,144.58670004061705,145.68658966441174,141.29699424160657,142.42689514160156,188505600
2024-12-09 00:00:00-05:00,138.9572148926683,139.93712045292858,137.1173878488451,138.79722595214844,189308600
2024-12-10 00:00:00-05:00,138.99721154250668,141.80696595909077,133.77769033829185,135.05758666992188,210020900
2024-12-11 00:00:00-05:00,137.3473626393387,140.15710166074888,135.19756655561218,139.29718017578125,184905200
2024-12-12 00:00:00-05:00,137.0673914713081,138.42726697152892,135.7875104425574,137.32736206054688,159211400
2024-12-13 00:00:00-05:00,138.92722683278515,139.58716980719961,132.52780616182653,134.23765563964844,231514900
2024-12-16 00:00:00-05:00,134.16764608739564,134.38762706465963,130.40799755691268,131.98785400390625,237951100
2024-12-17 00:00:00-05:00,129.07812250532473,131.57789255271604,126.84833189511964,130.3780059814453,259410300
2024-12-18 00:00:00-05:00,133.84768927135005,136.68742440979707,128.2682006428492,128.8981475830078,277444500
2024-12-19 00:00:00-05:00,131.7478712095932,134.01766661792476,129.5380830968377,130.66796875,209719200
2024-12-20 00:00:00-05:00,129.7980572196654,135.26755529215387,128.20820713472543,134.68760681152344,306528600
2024-12-23 00:00:00-05:00,136.2674627166313,139.77713434768583,135.1075657604122,139.6571502685547,176053500
2024-12-24 00:00:00-05:00,139.98712655305678,141.88694573903672,138.6372445869122,140.2071075439453,105157000
2024-12-26 00:00:00-05:00,139.68715493157526,140.8370583714796,137.7173348045662,139.91712951660156,116205600
2024-12-27 00:00:00-05:00,138.53725762424156,139.00721560881072,134.69761453351015,136.9973907470703,170582600
2024-12-30 00:00:00-05:00,134.81759702407376,140.2570989672278,134.00767398793965,137.47735595703125,167734700
2024-12-31 00:00:00-05:00,138.0173106258272,138.05731549303724,133.8176997545706,134.27764892578125,155659200
2025-01-02 00:00:00-05:00,135.98748671158143,138.8672266066605,134.61761764692358,138.29727172851562,198247200
2025-01-03 00:00:00-05:00,139.99711439640743,144.88666393436952,139.71714137538024,144.4567108154297,229322500
2025-01-06 00:00:00-05:00,148.57632545203526,152.14600432101588,147.80640728049391,149.41624450683594,265377400
2025-01-07 00:00:00-05:00,153.0159191493047,153.1159160516902,139.99711279126652,140.12710571289062,351782200
2025-01-08 00:00:00-05:00,142.5668963792699,143.9367655713296,137.5473535279277,140.0971221923828,227349900
2025-01-10 00:00:00-05:00,137.43735839735214,139.90713250101766,134.20765966847648,135.8975067138672,207602500
2025-01-13 00:00:00-05:00,129.97805065881337,133.47772877314173,129.49808381781634,133.21774291992188,204808900
2025-01-14 00:00:00-05:00,136.0374931021696,136.3674645891877,130.03804480886453,131.7478790283203,195590500
2025-01-15 00:00:00-05:00,133.63770458598145,136.43745017340345,131.277920981104,136.22747802734375,185217300
2025-01-16 00:00:00-05:00,138.6272498193542,138.73724031386243,133.47772952507327,133.55772399902344,209235600
2025-01-17 00:00:00-05:00,136.67743145335606,138.48726255165812,135.44754884500142,137.6973419189453,201188800
2025-01-21 00:00:00-05:00,139.14720257048143,141.8169551308445,137.07738566270945,140.81704711914062,197749000
2025-01-22 00:00:00-05:00,144.64670591256592,147.77640781491758,143.65679142482674,147.05648803710938,237651400
2025-01-23 00:00:00-05:00,145.03666800279981,147.2164602628041,143.706788444335,147.2064666748047,155915500
2025-01-24 00:00:00-05:00,148.35634349735062,148.95629439391405,141.86695041120194,142.60687255859375,234657600
2025-01-27 00:00:00-05:00,124.78852130861458,128.3881809500624,116.68926041493282,118.40910339355469,818830900
2025-01-28 00:00:00-05:00,121.79880142784785,128.9881430022562,116.23931491482392,128.9781494140625,579666400
2025-01-29 00:00:00-05:00,126.48836708502724,126.87833061040895,120.03896327722832,123.6886215209961,467120600
2025-01-30 00:00:00-05:00,123.08867408422283,124.9885008224628,118.08913405132431,124.63853454589844,392925500
2025-01-31 00:00:00-05:00,123.76861793270326,127.83824341487099,119.1790436181177,120.0589599609375,390372900
2025-02-03 00:00:00-05:00,114.7394486968032,118.55909714130068,112.99961082645434,116.64927673339844,371235700
2025-02-04 00:00:00-05:00,116.94924444838958,121.1888524384042,116.68926621972048,118.63909149169922,256550000
2025-02-05 00:00:00-05:00,121.74880228526035,124.98850212428793,120.74889426826606,124.81851959228516,262230800
2025-02-06 00:00:00-05:00,127.40827329026631,128.7581551695,125.19847756454047,128.66815185546875,251483600
2025-02-07 00:00:00-05:00,129.20811063964976,130.35799871586244,124.9884977355082,129.8280487060547,228186300
2025-02-10 00:00:00-05:00,130.0780330404282,134.98758517024453,129.94805537047182,133.55772399902344,216989100
2025-02-11 00:00:00-05:00,132.56781502240796,134.4676342706669,131.0079608594355,132.7877960205078,178902400
2025-02-12 00:00:00-05:00,130.00805277951918,132.22784993678553,129.0681367435288,131.12794494628906,160278600
2025-02-13 00:00:00-05:00,131.54790450828392,136.487452862588,131.15794096754342,135.27755737304688,197430000
2025-02-14 00:00:00-05:00,136.46744211776974,139.23719160158925,135.4875365315285,138.8372344970703,195479600
2025-02-18 00:00:00-05:00,141.25701494818574,143.4268135927519,137.91731045487123,139.38717651367188,219176600
2025-02-19 00:00:00-05:00,139.49716663707372,141.34700263351252,137.2073839146051,139.21719360351562,167536000
2025-02-20 00:00:00-05:00,140.01712771481476,140.6470746897965,136.7774200315485,140.0971221923828,143903600
2025-02-21 00:00:00-05:00,140.02711787829398,141.4470007486669,134.01767593596887,134.41763305664062,228217600
2025-02-24 00:00:00-05:00,136.5474420161462,138.57725415414035,130.06804206967678,130.2680206298828,251381100
2025-02-25 00:00:00-05:00,129.96804527013506,130.18802626376245,124.42856133510212,126.61835479736328,271428700
2025-02-26 00:00:00-05:00,129.97805439122038,133.71770077604796,128.478192299153,131.26792907714844,322553800
2025-02-27 00:00:00-05:00,134.9875872324259,134.99758082030266,119.99896764539281,120.13895416259766,443175800
2025-02-28 00:00:00-05:00,118.00914142194866,125.07849083366686,116.38929530836823,124.90850830078125,389091100
2025-03-03 00:00:00-05:00,123.49864257535764,123.68861991301428,112.26967207329028,114.04950714111328,411381400
2025-03-04 00:00:00-05:00,110.63982667322061,119.29902637351395,110.09987541363249,115.97933197021484,398163300
2025-03-05 00:00:00-05:00,117.56918811598004,118.26912068620358,114.49947076595478,117.28921508789062,284337900
2025-03-06 00:00:00-05:00,113.51955654224739,115.3393888375433,110.209863429875,110.55982971191406,321181900
2025-03-07 00:00:00-05:00,111.2397716760376,113.46957000648335,107.5501084934214,112.67964172363281,341755500
2025-03-10 00:00:00-04:00,109.88989097369002,111.83970852661247,105.45029700249104,106.97016143798828,366487400
2025-03-11 00:00:00-04:00,106.98015850635034,112.22967568900775,104.76036144852146,108.75,354865700
2025-03-12 00:00:00-04:00,114.12000274658203,116.76000213623047,112.87999725341797,115.73999786376953,323857500
2025-03-13 00:00:00-04:00,117.02999877929688,117.76000213623047,113.79000091552734,115.58000183105469,299033100
2025-03-14 00:00:00-04:00,118.61000061035156,121.87999725341797,118.1500015258789,121.66999816894531,277593500
2025-03-17 00:00:00-04:00,122.73999786376953,122.88999938964844,118.02999877929688,119.52999877929688,255501500
2025-03-18 00:00:00-04:00,118.0,119.0199966430664,114.54000091552734,115.43000030517578,299686900
2025-03-19 00:00:00-04:00,117.2699966430664,120.44999694824219,115.68000030517578,117.5199966430664,273426200
2025-03-20 00:00:00-04:00,116.55000305175781,120.19999694824219,116.47000122070312,118.52999877929688,248829700
2025-03-21 00:00:00-04:00,116.94000244140625,117.98999786376953,115.41999816894531,117.69999694824219,266498500
2025-03-24 00:00:00-04:00,119.87999725341797,122.22000122070312,119.33999633789062,121.41000366210938,228452500
2025-03-25 00:00:00-04:00,120.55000305175781,121.29000091552734,118.91999816894531,120.69000244140625,167447200
2025-03-26 00:00:00-04:00,118.7300033569336,118.83999633789062,112.70999908447266,113.76000213623047,293463300
2025-03-27 00:00:00-04:00,111.3499984741211,114.44999694824219,110.66000366210938,111.43000030517578,236902100
2025-03-28 00:00:00-04:00,111.48999786376953,112.87000274658203,109.06999969482422,109.66999816894531,229872500
2025-03-31 00:00:00-04:00,105.12999725341797,110.95999908447266,103.6500015258789,108.37999725341797,299212700
2025-04-01 00:00:00-04:00,108.5199966430664,110.19999694824219,106.47000122070312,110.1500015258789,222614000
2025-04-02 00:00:00-04:00,107.29000091552734,111.9800033569336,106.79000091552734,110.41999816894531,220601200
2025-04-03 00:00:00-04:00,103.51000213623047,105.62999725341797,101.5999984741211,101.80000305175781,338769400
2025-04-04 00:00:00-04:00,98.91000366210938,100.12999725341797,92.11000061035156,94.30999755859375,532273800
2025-04-07 00:00:00-04:00,87.45999908447266,101.75,86.62000274658203,97.63999938964844,611041300
2025-04-08 00:00:00-04:00,103.80999755859375,105.8499984741211,94.45999908447266,96.30000305175781,476243400
2025-04-09 00:00:00-04:00,98.88999938964844,115.0999984741211,97.52999877929688,114.33000183105469,612918300
2025-04-10 00:00:00-04:00,109.37000274658203,110.86000061035156,99.1500015258789,107.56999969482422,437812400
2025-04-11 00:00:00-04:00,108.5,111.55000305175781,107.4800033569336,110.93000030517578,313417300
2025-04-14 00:00:00-04:00,114.11000061035156,114.29000091552734,109.06999969482422,110.70999908447266,264705000
2025-04-15 00:00:00-04:00,110.97000122070312,113.62000274658203,110.5,112.19999694824219,228966900
2025-04-16 00:00:00-04:00,104.55000305175781,106.79000091552734,100.44999694824219,104.48999786376953,397016900
2025-04-17 00:00:00-04:00,104.44999694824219,104.47000122070312,100.05000305175781,101.48999786376953,290833400
